id,application_date,tot_claim_cnt_l180d,disb_bank_loan_wo_tbc,day_sinlastloan,avg_loan_amnt,loan_frequency
2925210,2024-02-12 19:22:46.652,-3,-1.0,-3,-1.0,-1.0
2925211,2024-02-12 19:24:29.135,4,-3.0,427,0.0,1.064868804664723
2925212,2024-02-12 19:24:41.493,-3,-1.0,-3,-1.0,-1.0
2925213,2024-02-12 19:24:29.135,4,-3.0,427,0.0,1.064868804664723
2925214,2024-02-12 19:24:56.857,-3,-1.0,-3,-1.0,-1.0
2925215,2024-02-12 19:25:10.176,4,-3.0,427,0.0,1.064868804664723
2925216,2024-02-12 19:25:10.176,4,-3.0,427,0.0,1.064868804664723
2925217,2024-02-12 19:39:43.431,-3,-1.0,-3,-1.0,-1.0
2925218,2024-02-12 19:40:15.507,11,-3.0,288,99995700.0,-3.0
2925219,2024-02-12 19:40:21.729,-3,-1.0,-3,-1.0,-1.0
2925220,2024-02-12 19:40:15.507,11,-3.0,288,99995700.0,-3.0
2925221,2024-02-12 19:40:33.233,-3,-1.0,-3,-1.0,-1.0
2925222,2024-02-12 19:40:43.421,11,-3.0,288,99995700.0,-3.0
2925223,2024-02-12 19:40:45.689,-3,-1.0,-3,-1.0,-1.0
2925224,2024-02-12 19:40:43.421,11,-3.0,288,99995700.0,-3.0
2925225,2024-02-12 19:40:59.168,-3,-1.0,-3,-1.0,-1.0
2925226,2024-02-12 19:42:17.995,-3,-1.0,-3,-1.0,-1.0
2925227,2024-02-12 19:42:18.189,11,-3.0,288,99995700.0,-3.0
2925228,2024-02-12 19:42:18.189,11,-3.0,288,99995700.0,-3.0
2925229,2024-02-12 19:42:41.931,-3,-1.0,-3,-1.0,-1.0
2925230,2024-02-13 03:24:50.390,-3,-1.0,-3,-1.0,-1.0
2925231,2024-02-13 03:25:23.976,2,2537851751.0,170,508530430.2,5.467814371257485
2925232,2024-02-13 03:25:23.976,2,2537851751.0,170,508530430.2,5.467814371257485
2925233,2024-02-13 03:40:58.283,-3,-1.0,-3,-1.0,-1.0
2925234,2024-02-13 03:41:40.303,3,-3.0,-3,-1.0,-1.0
2925235,2024-02-13 03:41:48.786,-3,-1.0,-3,-1.0,-1.0
2925236,2024-02-13 03:41:40.303,3,-3.0,-3,-1.0,-1.0
2925237,2024-02-13 03:41:59.906,-3,-1.0,-3,-1.0,-1.0
2925238,2024-02-13 03:42:10.012,3,-3.0,-3,-1.0,-1.0
2925239,2024-02-13 03:42:11.371,-3,-1.0,-3,-1.0,-1.0
2925240,2024-02-13 03:42:10.012,3,-3.0,-3,-1.0,-1.0
2925241,2024-02-13 03:42:24.408,-3,-1.0,-3,-1.0,-1.0
2925242,2024-02-13 03:50:40.478,-3,-1.0,-3,-1.0,-1.0
2925243,2024-02-13 03:51:23.602,3,559300000.0,158,115616666.66666667,1.835427135678392
2925244,2024-02-13 03:51:23.602,3,559300000.0,158,115616666.66666667,1.835427135678392
2925245,2024-02-13 03:55:10.577,-3,-1.0,-3,-1.0,-1.0
2925246,2024-02-13 03:55:31.382,3,-3.0,-3,-1.0,-1.0
2925247,2024-02-13 03:55:31.382,3,-3.0,-3,-1.0,-1.0
2925248,2024-02-13 03:55:54.423,-3,-1.0,-3,-1.0,-1.0
2925249,2024-02-13 04:03:40.348,-3,-1.0,-3,-1.0,-1.0
2925250,2024-02-13 04:04:11.928,7,2176827289.0,38,725609096.3333334,446.41666666666663
2925251,2024-02-13 04:04:27.339,-3,-1.0,-3,-1.0,-1.0
2925252,2024-02-13 04:04:11.928,7,2176827289.0,38,725609096.3333334,446.41666666666663
2925253,2024-02-13 04:04:41.142,-3,-1.0,-3,-1.0,-1.0
2925254,2024-02-13 04:05:02.726,7,2176827289.0,38,725609096.3333334,446.41666666666663
2925255,2024-02-13 04:05:07.754,-3,-1.0,-3,-1.0,-1.0
2925256,2024-02-13 04:05:02.726,7,2176827289.0,38,725609096.3333334,446.41666666666663
2925257,2024-02-13 04:05:50.098,-3,-1.0,-3,-1.0,-1.0
2925258,2024-02-13 04:05:56.254,-3,-1.0,-3,-1.0,-1.0
2925259,2024-02-13 04:05:50.098,-3,-1.0,-3,-1.0,-1.0
2925260,2024-02-13 04:06:07.770,-3,-1.0,-3,-1.0,-1.0
2925261,2024-02-13 04:06:17.769,-3,-1.0,-3,-1.0,-1.0
2925262,2024-02-13 04:06:17.769,-3,-1.0,-3,-1.0,-1.0
2925263,2024-02-13 04:08:36.805,-3,-1.0,-3,-1.0,-1.0
2925264,2024-02-13 04:09:08.616,-3,-1.0,-3,-1.0,-1.0
2925265,2024-02-13 04:09:14.808,-3,-1.0,-3,-1.0,-1.0
2925266,2024-02-13 04:09:08.616,-3,-1.0,-3,-1.0,-1.0
2925267,2024-02-13 04:09:25.624,-3,-1.0,-3,-1.0,-1.0
2925268,2024-02-13 04:09:38.451,-3,-1.0,-3,-1.0,-1.0
2925269,2024-02-13 04:09:40.335,-3,-1.0,-3,-1.0,-1.0
2925270,2024-02-13 04:09:38.451,-3,-1.0,-3,-1.0,-1.0
2925271,2024-02-13 04:10:32.458,-3,-1.0,-3,-1.0,-1.0
2925272,2024-02-13 04:10:32.739,-3,-1.0,-3,-1.0,-1.0
2925273,2024-02-13 04:10:32.739,-3,-1.0,-3,-1.0,-1.0
2925274,2024-02-13 04:10:44.133,-3,-1.0,-3,-1.0,-1.0
2925275,2024-02-13 04:10:58.153,-3,-1.0,-3,-1.0,-1.0
2925276,2024-02-13 04:11:15.752,-3,9905106700.0,69,1696305450.0,1.2711716937354989
2925277,2024-02-13 04:11:15.752,-3,9905106700.0,69,1696305450.0,1.2711716937354989
2925278,2024-02-13 04:12:16.089,-3,-1.0,-3,-1.0,-1.0
2925279,2024-02-13 04:12:47.725,2,1421662913.0,15,355415728.25,1.1753821399839097
2925280,2024-02-13 04:12:57.565,-3,-1.0,-3,-1.0,-1.0
2925281,2024-02-13 04:12:47.725,2,1421662913.0,15,355415728.25,1.1753821399839097
2925282,2024-02-13 04:13:12.467,-3,-1.0,-3,-1.0,-1.0
2925283,2024-02-13 04:13:25.785,2,1421662913.0,15,355415728.25,1.1753821399839097
2925284,2024-02-13 04:13:25.785,2,1421662913.0,15,355415728.25,1.1753821399839097
2925285,2024-02-13 04:16:00.661,-3,-1.0,-3,-1.0,-1.0
2925286,2024-02-13 04:16:32.527,-3,-1.0,-3,-1.0,-1.0
2925287,2024-02-13 04:16:47.122,-3,-1.0,-3,-1.0,-1.0
2925288,2024-02-13 04:16:32.527,-3,-1.0,-3,-1.0,-1.0
2925289,2024-02-13 04:17:24.444,-3,-1.0,-3,-1.0,-1.0
2925290,2024-02-13 04:17:26.002,-3,-1.0,-3,-1.0,-1.0
2925291,2024-02-13 04:17:28.722,-3,233087600.0,141,211568800.0,5.144366197183098
2925292,2024-02-13 04:17:29.724,-3,-1.0,-3,-1.0,-1.0
2925293,2024-02-13 04:17:28.722,-3,233087600.0,141,211568800.0,5.144366197183098
2925294,2024-02-13 04:17:40.880,-3,-1.0,-3,-1.0,-1.0
2925295,2024-02-13 04:17:53.246,-3,233087600.0,141,211568800.0,5.144366197183098
2925296,2024-02-13 04:17:56.735,-3,-1.0,-3,-1.0,-1.0
2925297,2024-02-13 04:17:56.931,-3,-1.0,-3,-1.0,-1.0
2925298,2024-02-13 04:17:57.561,1,300000000.0,19,42610588.23529412,4.175689307330195
2925299,2024-02-13 04:18:01.386,-3,-1.0,-3,-1.0,-1.0
2925300,2024-02-13 04:17:53.246,-3,233087600.0,141,211568800.0,5.144366197183098
2925301,2024-02-13 04:18:04.989,-3,-1.0,-3,-1.0,-1.0
2925302,2024-02-13 04:18:08.711,-3,-1.0,-3,-1.0,-1.0
2925303,2024-02-13 04:17:56.735,-3,-1.0,-3,-1.0,-1.0
2925304,2024-02-13 04:18:12.196,-3,-1.0,-3,-1.0,-1.0
2925305,2024-02-13 04:17:57.561,1,300000000.0,19,42610588.23529412,4.175689307330195
2925306,2024-02-13 04:18:18.516,-3,-1.0,-3,-1.0,-1.0
2925307,2024-02-13 04:18:23.176,-3,-1.0,-3,-1.0,-1.0
2925308,2024-02-13 04:18:24.316,-3,-1.0,-3,-1.0,-1.0
2925309,2024-02-13 04:18:23.176,-3,-1.0,-3,-1.0,-1.0
2925310,2024-02-13 04:18:36.233,-3,-1.0,-3,-1.0,-1.0
2925311,2024-02-13 04:18:38.398,2,-3.0,-3,-1.0,-1.0
2925312,2024-02-13 04:18:41.623,1,300000000.0,19,42610588.23529412,4.175689307330195
2925313,2024-02-13 04:18:42.069,-3,-1.0,-3,-1.0,-1.0
2925314,2024-02-13 04:18:38.398,2,-3.0,-3,-1.0,-1.0
2925315,2024-02-13 04:18:52.472,-3,-1.0,-3,-1.0,-1.0
2925316,2024-02-13 04:18:41.623,1,300000000.0,19,42610588.23529412,4.175689307330195
2925317,2024-02-13 04:19:00.761,-3,-1.0,-3,-1.0,-1.0
2925318,2024-02-13 04:19:07.049,-3,-1.0,-3,-1.0,-1.0
2925319,2024-02-13 04:19:14.616,2,-3.0,-3,-1.0,-1.0
2925320,2024-02-13 04:19:00.761,-3,-1.0,-3,-1.0,-1.0
2925321,2024-02-13 04:19:17.690,-3,-1.0,-3,-1.0,-1.0
2925322,2024-02-13 04:19:14.616,2,-3.0,-3,-1.0,-1.0
2925323,2024-02-13 04:19:38.945,-3,-1.0,-3,-1.0,-1.0
2925324,2024-02-13 04:19:38.945,-3,-1.0,-3,-1.0,-1.0
2925325,2024-02-13 04:19:51.665,-3,-1.0,-3,-1.0,-1.0
2925326,2024-02-13 04:20:24.691,-3,-3.0,-3,-1.0,-1.0
2925327,2024-02-13 04:20:28.238,-3,-1.0,-3,-1.0,-1.0
2925328,2024-02-13 04:20:33.125,-3,-1.0,-3,-1.0,-1.0
2925329,2024-02-13 04:20:24.691,-3,-3.0,-3,-1.0,-1.0
2925330,2024-02-13 04:20:39.235,-3,-1.0,-3,-1.0,-1.0
2925331,2024-02-13 04:20:50.741,-3,-3.0,-3,-1.0,-1.0
2925332,2024-02-13 04:20:50.741,-3,-3.0,-3,-1.0,-1.0
2925333,2024-02-13 04:21:14.833,1,-3.0,1730,0.0,-3.0
2925334,2024-02-13 04:21:27.925,-3,-1.0,-3,-1.0,-1.0
2925335,2024-02-13 04:21:14.833,1,-3.0,1730,0.0,-3.0
2925336,2024-02-13 04:21:35.335,-3,-1.0,-3,-1.0,-1.0
2925337,2024-02-13 04:21:46.892,-3,-1.0,-3,-1.0,-1.0
2925338,2024-02-13 04:21:47.118,-3,-1.0,-3,-1.0,-1.0
2925339,2024-02-13 04:21:47.118,-3,-1.0,-3,-1.0,-1.0
2925340,2024-02-13 04:22:06.863,2,-3.0,726,0.0,0.8089700996677741
2925341,2024-02-13 04:22:12.238,-3,-1.0,-3,-1.0,-1.0
2925342,2024-02-13 04:22:14.202,-3,-1.0,-3,-1.0,-1.0
2925343,2024-02-13 04:22:19.610,-3,-1.0,-3,-1.0,-1.0
2925344,2024-02-13 04:22:06.863,2,-3.0,726,0.0,0.8089700996677741
2925345,2024-02-13 04:22:25.909,-3,-1.0,-3,-1.0,-1.0
2925346,2024-02-13 04:22:26.367,-3,-1.0,-3,-1.0,-1.0
2925347,2024-02-13 04:22:19.610,-3,-1.0,-3,-1.0,-1.0
2925348,2024-02-13 04:22:36.953,-3,-1.0,-3,-1.0,-1.0
2925349,2024-02-13 04:22:47.668,-3,-1.0,-3,-1.0,-1.0
2925350,2024-02-13 04:22:47.766,2,-3.0,726,0.0,0.8089700996677741
2925351,2024-02-13 04:22:48.842,-3,-1.0,-3,-1.0,-1.0
2925352,2024-02-13 04:22:47.766,2,-3.0,726,0.0,0.8089700996677741
2925353,2024-02-13 04:22:47.668,-3,-1.0,-3,-1.0,-1.0
2925354,2024-02-13 04:23:00.689,-3,-1.0,-3,-1.0,-1.0
2925355,2024-02-13 04:24:34.247,-3,-1.0,-3,-1.0,-1.0
2925356,2024-02-13 04:24:34.488,-3,-1.0,-3,-1.0,-1.0
2925357,2024-02-13 04:24:34.488,-3,-1.0,-3,-1.0,-1.0
2925358,2024-02-13 04:25:01.912,-3,-1.0,-3,-1.0,-1.0
2925359,2024-02-13 04:27:08.410,-3,-1.0,-3,-1.0,-1.0
2925360,2024-02-13 04:27:50.151,1,-3.0,-3,-1.0,-1.0
2925361,2024-02-13 04:27:57.201,-3,-1.0,-3,-1.0,-1.0
2925362,2024-02-13 04:27:50.151,1,-3.0,-3,-1.0,-1.0
2925363,2024-02-13 04:28:07.926,-3,-1.0,-3,-1.0,-1.0
2925364,2024-02-13 04:28:29.262,1,-3.0,-3,-1.0,-1.0
2925365,2024-02-13 04:28:35.758,-3,-1.0,-3,-1.0,-1.0
2925366,2024-02-13 04:28:29.262,1,-3.0,-3,-1.0,-1.0
2925367,2024-02-13 04:29:00.520,-3,-1.0,-3,-1.0,-1.0
2925368,2024-02-13 04:29:07.843,-3,-1.0,-3,-1.0,-1.0
2925369,2024-02-13 04:29:13.698,-3,-1.0,-3,-1.0,-1.0
2925370,2024-02-13 04:29:07.843,-3,-1.0,-3,-1.0,-1.0
2925371,2024-02-13 04:29:24.720,-3,-1.0,-3,-1.0,-1.0
2925372,2024-02-13 04:29:37.337,-3,-1.0,-3,-1.0,-1.0
2925373,2024-02-13 04:29:43.968,-3,-1.0,-3,-1.0,-1.0
2925374,2024-02-13 04:29:37.337,-3,-1.0,-3,-1.0,-1.0
2925375,2024-02-13 04:29:43.968,-3,-1.0,-3,-1.0,-1.0
2925376,2024-02-13 04:31:07.039,-3,-1.0,-3,-1.0,-1.0
2925377,2024-02-13 04:31:49.036,-3,-1.0,-3,-1.0,-1.0
2925378,2024-02-13 04:31:54.262,-3,-1.0,-3,-1.0,-1.0
2925379,2024-02-13 04:31:49.036,-3,-1.0,-3,-1.0,-1.0
2925380,2024-02-13 04:32:05.836,-3,-1.0,-3,-1.0,-1.0
2925381,2024-02-13 04:32:21.395,-3,-1.0,-3,-1.0,-1.0
2925382,2024-02-13 04:32:27.973,-3,-1.0,-3,-1.0,-1.0
2925383,2024-02-13 04:32:27.973,-3,-1.0,-3,-1.0,-1.0
2925384,2024-02-13 04:32:55.966,-3,10308484000.0,22,5754242000.0,0.2986508585445626
2925385,2024-02-13 04:32:55.966,-3,10308484000.0,22,5754242000.0,0.2986508585445626
2925386,2024-02-13 04:35:26.297,-3,-1.0,-3,-1.0,-1.0
2925387,2024-02-13 04:35:35.119,-3,-1.0,-3,-1.0,-1.0
2925388,2024-02-13 04:35:57.698,3,3225259367.0,173,1075086455.6666667,0.5437965260545906
2925389,2024-02-13 04:36:05.736,-3,-1.0,-3,-1.0,-1.0
2925390,2024-02-13 04:36:06.350,-3,-1.0,-3,-1.0,-1.0
2925391,2024-02-13 04:36:10.684,-3,-1.0,-3,-1.0,-1.0
2925392,2024-02-13 04:35:57.698,3,3225259367.0,173,1075086455.6666667,0.5437965260545906
2925393,2024-02-13 04:36:17.946,-3,-1.0,-3,-1.0,-1.0
2925394,2024-02-13 04:36:06.350,-3,-1.0,-3,-1.0,-1.0
2925395,2024-02-13 04:36:21.441,-3,-1.0,-3,-1.0,-1.0
2925396,2024-02-13 04:36:27.640,3,3225259367.0,173,1075086455.6666667,0.5437965260545906
2925397,2024-02-13 04:36:33.583,-3,-1.0,-3,-1.0,-1.0
2925398,2024-02-13 04:36:27.640,3,3225259367.0,173,1075086455.6666667,0.5437965260545906
2925399,2024-02-13 04:36:33.583,-3,-1.0,-3,-1.0,-1.0
2925400,2024-02-13 04:38:19.146,-3,-1.0,-3,-1.0,-1.0
2925401,2024-02-13 04:38:24.517,-3,-1.0,-3,-1.0,-1.0
2925402,2024-02-13 04:38:56.269,2,-3.0,993,0.0,2.491473396998636
2925403,2024-02-13 04:39:00.502,2,28399988003.0,888,14199994001.5,-3.0
2925404,2024-02-13 04:39:03.815,-3,-1.0,-3,-1.0,-1.0
2925405,2024-02-13 04:39:06.718,-3,-1.0,-3,-1.0,-1.0
2925406,2024-02-13 04:38:56.269,2,-3.0,993,0.0,2.491473396998636
2925407,2024-02-13 04:39:16.085,-3,-1.0,-3,-1.0,-1.0
2925408,2024-02-13 04:39:00.502,2,28399988003.0,888,14199994001.5,-3.0
2925409,2024-02-13 04:39:17.280,-3,-1.0,-3,-1.0,-1.0
2925410,2024-02-13 04:39:19.772,-3,-1.0,-3,-1.0,-1.0
2925411,2024-02-13 04:39:27.271,2,-3.0,993,0.0,2.491473396998636
2925412,2024-02-13 04:39:30.198,-3,-1.0,-3,-1.0,-1.0
2925413,2024-02-13 04:39:34.629,2,28399988003.0,888,14199994001.5,-3.0
2925414,2024-02-13 04:39:39.036,-3,-1.0,-3,-1.0,-1.0
2925415,2024-02-13 04:39:27.271,2,-3.0,993,0.0,2.491473396998636
2925416,2024-02-13 04:39:43.633,-3,-1.0,-3,-1.0,-1.0
2925417,2024-02-13 04:39:34.629,2,28399988003.0,888,14199994001.5,-3.0
2925418,2024-02-13 04:39:59.240,-3,389592220.0,471,66456031.428571425,3.211997487437186
2925419,2024-02-13 04:40:09.678,-3,-1.0,-3,-1.0,-1.0
2925420,2024-02-13 04:39:59.240,-3,389592220.0,471,66456031.428571425,3.211997487437186
2925421,2024-02-13 04:40:20.570,2,8065950137.0,123,1152278591.0,1.690972222222222
2925422,2024-02-13 04:40:22.723,-3,-1.0,-3,-1.0,-1.0
2925423,2024-02-13 04:40:37.598,-3,389592220.0,471,66456031.428571425,3.211997487437186
2925424,2024-02-13 04:40:20.570,2,8065950137.0,123,1152278591.0,1.690972222222222
2925425,2024-02-13 04:40:39.708,-3,-1.0,-3,-1.0,-1.0
2925426,2024-02-13 04:40:37.598,-3,389592220.0,471,66456031.428571425,3.211997487437186
2925427,2024-02-13 04:40:51.745,-3,-1.0,-3,-1.0,-1.0
2925428,2024-02-13 04:41:03.417,-3,-1.0,-3,-1.0,-1.0
2925429,2024-02-13 04:41:34.901,1,-3.0,700,104116333.0,1.4551792828685257
2925430,2024-02-13 04:41:34.901,1,-3.0,700,104116333.0,1.4551792828685257
2925431,2024-02-13 04:45:09.620,-3,-1.0,-3,-1.0,-1.0
2925432,2024-02-13 04:45:20.412,-3,389592220.0,471,66456031.428571425,3.211997487437186
2925433,2024-02-13 04:45:20.412,-3,389592220.0,471,66456031.428571425,3.211997487437186
2925434,2024-02-13 04:45:42.782,-3,-1.0,-3,-1.0,-1.0
2925435,2024-02-13 04:46:05.619,-3,-1.0,-3,-1.0,-1.0
2925436,2024-02-13 04:46:14.687,3,700000000.0,6,700000000.0,-3.0
2925437,2024-02-13 04:46:21.669,-3,-1.0,-3,-1.0,-1.0
2925438,2024-02-13 04:46:14.687,3,700000000.0,6,700000000.0,-3.0
2925439,2024-02-13 04:46:32.578,-3,-1.0,-3,-1.0,-1.0
2925440,2024-02-13 04:46:43.913,3,700000000.0,6,700000000.0,-3.0
2925441,2024-02-13 04:46:46.182,-3,-1.0,-3,-1.0,-1.0
2925442,2024-02-13 04:46:43.913,3,700000000.0,6,700000000.0,-3.0
2925443,2024-02-13 04:47:28.550,-3,-1.0,-3,-1.0,-1.0
2925444,2024-02-13 04:47:42.914,-3,-1.0,-3,-1.0,-1.0
2925445,2024-02-13 04:48:14.541,1,8150077272.0,281,8150077272.0,-3.0
2925446,2024-02-13 04:48:19.288,-3,-1.0,-3,-1.0,-1.0
2925447,2024-02-13 04:48:14.541,1,8150077272.0,281,8150077272.0,-3.0
2925448,2024-02-13 04:48:30.934,-3,-1.0,-3,-1.0,-1.0
2925449,2024-02-13 04:48:42.392,1,8150077272.0,281,8150077272.0,-3.0
2925450,2024-02-13 04:48:51.135,-3,-1.0,-3,-1.0,-1.0
2925451,2024-02-13 04:48:42.392,1,8150077272.0,281,8150077272.0,-3.0
2925452,2024-02-13 04:47:28.550,-3,-1.0,-3,-1.0,-1.0
2925453,2024-02-13 04:49:18.909,-3,-1.0,-3,-1.0,-1.0
2925454,2024-02-13 04:49:20.691,-3,-1.0,-3,-1.0,-1.0
2925455,2024-02-13 04:49:21.261,-3,-1.0,-3,-1.0,-1.0
2925456,2024-02-13 04:49:22.653,4,1000000000.0,4,333333333.3333333,0.4505550986842105
2925457,2024-02-13 04:49:27.749,-3,-1.0,-3,-1.0,-1.0
2925458,2024-02-13 04:49:22.653,4,1000000000.0,4,333333333.3333333,0.4505550986842105
2925459,2024-02-13 04:49:38.938,-3,-1.0,-3,-1.0,-1.0
2925460,2024-02-13 04:49:49.027,4,1000000000.0,4,333333333.3333333,0.4505550986842105
2925461,2024-02-13 04:49:50.802,-3,-1.0,-3,-1.0,-1.0
2925462,2024-02-13 04:49:52.741,-3,-3.0,-3,-1.0,-1.0
2925463,2024-02-13 04:50:00.288,-3,-1.0,-3,-1.0,-1.0
2925464,2024-02-13 04:50:00.491,2,307403141.0,125,275461685.25,2.7618147448015122
2925465,2024-02-13 04:50:01.966,2,-3.0,-3,-1.0,-1.0
2925466,2024-02-13 04:49:49.027,4,1000000000.0,4,333333333.3333333,0.4505550986842105
2925467,2024-02-13 04:50:03.984,-3,-1.0,-3,-1.0,-1.0
2925468,2024-02-13 04:49:52.741,-3,-3.0,-3,-1.0,-1.0
2925469,2024-02-13 04:50:11.415,-3,-1.0,-3,-1.0,-1.0
2925470,2024-02-13 04:50:13.139,-3,-1.0,-3,-1.0,-1.0
2925471,2024-02-13 04:50:13.503,-3,-1.0,-3,-1.0,-1.0
2925472,2024-02-13 04:50:00.491,2,307403141.0,125,275461685.25,2.7618147448015122
2925473,2024-02-13 04:50:01.966,2,-3.0,-3,-1.0,-1.0
2925474,2024-02-13 04:50:24.506,-3,-1.0,-3,-1.0,-1.0
2925475,2024-02-13 04:50:24.940,-3,-1.0,-3,-1.0,-1.0
2925476,2024-02-13 04:50:37.021,2,307403141.0,125,275461685.25,2.7618147448015122
2925477,2024-02-13 04:50:44.200,-3,-3.0,-3,-1.0,-1.0
2925478,2024-02-13 04:50:37.021,2,307403141.0,125,275461685.25,2.7618147448015122
2925479,2024-02-13 04:50:44.200,-3,-3.0,-3,-1.0,-1.0
2925480,2024-02-13 04:50:57.645,2,-3.0,-3,-1.0,-1.0
2925481,2024-02-13 04:51:05.145,-3,-1.0,-3,-1.0,-1.0
2925482,2024-02-13 04:50:57.645,2,-3.0,-3,-1.0,-1.0
2925483,2024-02-13 04:51:19.872,-3,-1.0,-3,-1.0,-1.0
2925484,2024-02-13 04:51:36.898,-3,-3.0,187,103200000.0,2.148529411764706
2925485,2024-02-13 04:51:36.898,-3,-3.0,187,103200000.0,2.148529411764706
2925486,2024-02-13 04:52:01.398,2,3767550595.0,369,1883775297.5,0.9142678347934919
2925487,2024-02-13 04:52:03.602,-3,-1.0,-3,-1.0,-1.0
2925488,2024-02-13 04:52:07.147,-3,-1.0,-3,-1.0,-1.0
2925489,2024-02-13 04:52:11.617,-3,-1.0,-3,-1.0,-1.0
2925490,2024-02-13 04:52:01.398,2,3767550595.0,369,1883775297.5,0.9142678347934919
2925491,2024-02-13 04:52:18.517,-3,-1.0,-3,-1.0,-1.0
2925492,2024-02-13 04:52:35.289,-3,1374999700.0,156,229166616.66666666,1.530377094972067
2925493,2024-02-13 04:52:40.644,2,3767550595.0,369,1883775297.5,0.9142678347934919
2925494,2024-02-13 04:52:42.262,-3,-1.0,-3,-1.0,-1.0
2925495,2024-02-13 04:52:42.959,4,431182433.0,299,215591216.5,16.602272727272727
2925496,2024-02-13 04:52:49.197,-3,-1.0,-3,-1.0,-1.0
2925497,2024-02-13 04:52:40.644,2,3767550595.0,369,1883775297.5,0.9142678347934919
2925498,2024-02-13 04:52:35.289,-3,1374999700.0,156,229166616.66666666,1.530377094972067
2925499,2024-02-13 04:52:53.813,-3,-1.0,-3,-1.0,-1.0
2925500,2024-02-13 04:52:42.959,4,431182433.0,299,215591216.5,16.602272727272727
2925501,2024-02-13 04:52:59.357,-3,-1.0,-3,-1.0,-1.0
2925502,2024-02-13 04:53:00.347,-3,-1.0,-3,-1.0,-1.0
2925503,2024-02-13 04:53:11.954,4,431182433.0,299,215591216.5,16.602272727272727
2925504,2024-02-13 04:53:15.811,-3,1374999700.0,156,229166616.66666666,1.530377094972067
2925505,2024-02-13 04:53:18.998,-3,-1.0,-3,-1.0,-1.0
2925506,2024-02-13 04:53:11.954,4,431182433.0,299,215591216.5,16.602272727272727
2925507,2024-02-13 04:53:15.811,-3,1374999700.0,156,229166616.66666666,1.530377094972067
2925508,2024-02-13 04:53:41.149,-3,7045370606.0,553,7045370606.0,-3.0
2925509,2024-02-13 04:53:41.149,-3,7045370606.0,553,7045370606.0,-3.0
2925510,2024-02-13 04:54:10.776,2,3692414810.0,106,115387962.8125,6.032657657657658
2925511,2024-02-13 04:54:18.281,-3,-1.0,-3,-1.0,-1.0
2925512,2024-02-13 04:54:22.112,-3,-1.0,-3,-1.0,-1.0
2925513,2024-02-13 04:54:10.776,2,3692414810.0,106,115387962.8125,6.032657657657658
2925514,2024-02-13 04:54:49.641,2,41667400.0,680,20833700.0,3.0953389830508473
2925515,2024-02-13 04:55:03.845,-3,-1.0,-3,-1.0,-1.0
2925516,2024-02-13 04:54:49.641,2,41667400.0,680,20833700.0,3.0953389830508473
2925517,2024-02-13 04:55:08.802,-3,-1.0,-3,-1.0,-1.0
2925518,2024-02-13 04:55:30.736,-3,-1.0,-3,-1.0,-1.0
2925519,2024-02-13 04:55:40.580,-3,-1.0,-3,-1.0,-1.0
2925520,2024-02-13 04:56:00.336,-3,-3.0,1356,0.0,2.3488745980707395
2925521,2024-02-13 04:56:12.376,-3,7045370606.0,553,7045370606.0,-3.0
2925522,2024-02-13 04:56:00.336,-3,-3.0,1356,0.0,2.3488745980707395
2925523,2024-02-13 04:56:21.891,-3,-3.0,-3,-1.0,-1.0
2925524,2024-02-13 04:56:12.376,-3,7045370606.0,553,7045370606.0,-3.0
2925525,2024-02-13 04:56:26.975,-3,-1.0,-3,-1.0,-1.0
2925526,2024-02-13 04:55:03.845,-3,-1.0,-3,-1.0,-1.0
2925527,2024-02-13 04:56:21.891,-3,-3.0,-3,-1.0,-1.0
2925528,2024-02-13 04:56:38.133,-3,-1.0,-3,-1.0,-1.0
2925529,2024-02-13 04:56:39.453,-3,-1.0,-3,-1.0,-1.0
2925530,2024-02-13 04:56:49.252,-3,-3.0,-3,-1.0,-1.0
2925531,2024-02-13 04:56:49.845,-3,-1.0,-3,-1.0,-1.0
2925532,2024-02-13 04:56:49.943,4,1000000000.0,4,333333333.3333333,0.4505550986842105
2925533,2024-02-13 04:56:51.458,-3,-1.0,-3,-1.0,-1.0
2925534,2024-02-13 04:56:49.252,-3,-3.0,-3,-1.0,-1.0
2925535,2024-02-13 04:56:49.943,4,1000000000.0,4,333333333.3333333,0.4505550986842105
2925536,2024-02-13 04:57:03.464,-3,-1.0,-3,-1.0,-1.0
2925537,2024-02-13 04:57:18.656,-3,-1.0,-3,-1.0,-1.0
2925538,2024-02-13 04:57:31.286,1,136001300.0,29,68000650.0,42.970588235294116
2925539,2024-02-13 04:57:35.923,-3,-1.0,-3,-1.0,-1.0
2925540,2024-02-13 04:57:31.286,1,136001300.0,29,68000650.0,42.970588235294116
2925541,2024-02-13 04:57:46.854,-3,-1.0,-3,-1.0,-1.0
2925542,2024-02-13 04:57:57.911,1,136001300.0,29,68000650.0,42.970588235294116
2925543,2024-02-13 04:57:57.911,1,136001300.0,29,68000650.0,42.970588235294116
2925544,2024-02-13 04:58:45.818,-3,-1.0,-3,-1.0,-1.0
2925545,2024-02-13 04:59:17.213,-3,1008000000.0,113,268696342.85714287,1.5647184822521418
2925546,2024-02-13 04:59:22.417,-3,-1.0,-3,-1.0,-1.0
2925547,2024-02-13 04:59:23.711,-3,-1.0,-3,-1.0,-1.0
2925548,2024-02-13 04:59:17.213,-3,1008000000.0,113,268696342.85714287,1.5647184822521418
2925549,2024-02-13 04:59:36.393,-3,-1.0,-3,-1.0,-1.0
2925550,2024-02-13 04:59:47.582,-3,1008000000.0,113,268696342.85714287,1.5647184822521418
2925551,2024-02-13 04:59:53.736,1,-3.0,309,0.0,-3.0
2925552,2024-02-13 04:59:47.582,-3,1008000000.0,113,268696342.85714287,1.5647184822521418
2925553,2024-02-13 04:59:53.736,1,-3.0,309,0.0,-3.0
2925554,2024-02-13 05:01:23.897,-3,-1.0,-3,-1.0,-1.0
2925555,2024-02-13 05:01:31.328,-3,-1.0,-3,-1.0,-1.0
2925556,2024-02-13 05:01:55.312,-3,-1.0,-3,-1.0,-1.0
2925557,2024-02-13 05:02:01.798,-3,-1.0,-3,-1.0,-1.0
2925558,2024-02-13 05:02:02.608,1,-3.0,-3,-1.0,-1.0
2925559,2024-02-13 05:02:07.174,-3,-1.0,-3,-1.0,-1.0
2925560,2024-02-13 05:01:55.312,-3,-1.0,-3,-1.0,-1.0
2925561,2024-02-13 05:02:13.343,-3,-1.0,-3,-1.0,-1.0
2925562,2024-02-13 05:02:02.608,1,-3.0,-3,-1.0,-1.0
2925563,2024-02-13 05:02:17.847,-3,-1.0,-3,-1.0,-1.0
2925564,2024-02-13 05:02:28.787,1,-3.0,-3,-1.0,-1.0
2925565,2024-02-13 05:02:35.270,-3,-1.0,-3,-1.0,-1.0
2925566,2024-02-13 05:02:28.787,1,-3.0,-3,-1.0,-1.0
2925567,2024-02-13 05:02:35.270,-3,-1.0,-3,-1.0,-1.0
2925568,2024-02-13 05:05:04.543,-3,-1.0,-3,-1.0,-1.0
2925569,2024-02-13 05:05:19.424,-3,-1.0,-3,-1.0,-1.0
2925570,2024-02-13 05:05:25.573,3,3225259367.0,173,1075086455.6666667,0.5437965260545906
2925571,2024-02-13 05:05:25.573,3,3225259367.0,173,1075086455.6666667,0.5437965260545906
2925572,2024-02-13 05:06:00.977,-3,364000000.0,34,319692750.0,1.1018099547511313
2925573,2024-02-13 05:06:01.847,-3,-1.0,-3,-1.0,-1.0
2925574,2024-02-13 05:06:05.528,-3,-1.0,-3,-1.0,-1.0
2925575,2024-02-13 05:06:00.977,-3,364000000.0,34,319692750.0,1.1018099547511313
2925576,2024-02-13 05:06:16.410,-3,-1.0,-3,-1.0,-1.0
2925577,2024-02-13 05:06:37.581,-3,364000000.0,34,319692750.0,1.1018099547511313
2925578,2024-02-13 05:06:37.581,-3,364000000.0,34,319692750.0,1.1018099547511313
2925579,2024-02-13 05:07:07.203,-3,-1.0,-3,-1.0,-1.0
2925580,2024-02-13 05:07:10.082,-3,-1.0,-3,-1.0,-1.0
2925581,2024-02-13 05:07:30.791,-3,-1.0,-3,-1.0,-1.0
2925582,2024-02-13 05:07:41.594,9,11528774954.0,309,11528774954.0,-3.0
2925583,2024-02-13 05:07:48.546,-3,-3.0,71,1427026150.0,16.602272727272727
2925584,2024-02-13 05:07:50.628,-3,-1.0,-3,-1.0,-1.0
2925585,2024-02-13 05:07:41.594,9,11528774954.0,309,11528774954.0,-3.0
2925586,2024-02-13 05:07:48.546,-3,-3.0,71,1427026150.0,16.602272727272727
2925587,2024-02-13 05:08:22.709,-3,-1.0,-3,-1.0,-1.0
2925588,2024-02-13 05:08:31.931,2,-3.0,934,0.0,1.0188284518828452
2925589,2024-02-13 05:08:33.106,-3,-1.0,-3,-1.0,-1.0
2925590,2024-02-13 05:08:31.931,2,-3.0,934,0.0,1.0188284518828452
2925591,2024-02-13 05:08:44.817,-3,-1.0,-3,-1.0,-1.0
2925592,2024-02-13 05:08:45.807,-3,-1.0,-3,-1.0,-1.0
2925593,2024-02-13 05:08:57.660,2,-3.0,934,0.0,1.0188284518828452
2925594,2024-02-13 05:08:59.148,-3,-1.0,-3,-1.0,-1.0
2925595,2024-02-13 05:08:57.660,2,-3.0,934,0.0,1.0188284518828452
2925596,2024-02-13 05:09:13.171,-3,-1.0,-3,-1.0,-1.0
2925597,2024-02-13 05:09:17.713,-3,456374022.0,186,163624674.0,3.006172839506173
2925598,2024-02-13 05:09:24.496,-3,-1.0,-3,-1.0,-1.0
2925599,2024-02-13 05:09:34.385,-3,-1.0,-3,-1.0,-1.0
2925600,2024-02-13 05:09:17.713,-3,456374022.0,186,163624674.0,3.006172839506173
2925601,2024-02-13 05:09:36.109,-3,-1.0,-3,-1.0,-1.0
2925602,2024-02-13 05:08:22.709,-3,-1.0,-3,-1.0,-1.0
2925603,2024-02-13 05:09:58.388,-3,456374022.0,186,163624674.0,3.006172839506173
2925604,2024-02-13 05:09:59.448,-3,-1.0,-3,-1.0,-1.0
2925605,2024-02-13 05:10:05.943,-3,11013249426.0,54,1101694542.6,7.305000000000001
2925606,2024-02-13 05:09:58.388,-3,456374022.0,186,163624674.0,3.006172839506173
2925607,2024-02-13 05:10:05.943,-3,11013249426.0,54,1101694542.6,7.305000000000001
2925608,2024-02-13 05:10:40.902,-3,-1.0,-3,-1.0,-1.0
2925609,2024-02-13 05:10:47.002,-3,-1.0,-3,-1.0,-1.0
2925610,2024-02-13 05:10:40.902,-3,-1.0,-3,-1.0,-1.0
2925611,2024-02-13 05:10:58.163,-3,-1.0,-3,-1.0,-1.0
2925612,2024-02-13 05:11:20.316,-3,-1.0,-3,-1.0,-1.0
2925613,2024-02-13 05:11:20.316,-3,-1.0,-3,-1.0,-1.0
2925614,2024-02-13 05:13:39.766,-3,-1.0,-3,-1.0,-1.0
2925615,2024-02-13 05:14:21.241,2,-3.0,-3,-1.0,-1.0
2925616,2024-02-13 05:14:27.978,-3,-1.0,-3,-1.0,-1.0
2925617,2024-02-13 05:14:21.241,2,-3.0,-3,-1.0,-1.0
2925618,2024-02-13 05:14:38.642,-3,-1.0,-3,-1.0,-1.0
2925619,2024-02-13 05:14:49.380,2,-3.0,-3,-1.0,-1.0
2925620,2024-02-13 05:14:49.380,2,-3.0,-3,-1.0,-1.0
2925621,2024-02-13 05:15:24.782,-3,-1.0,-3,-1.0,-1.0
2925622,2024-02-13 05:15:45.322,-3,-1.0,-3,-1.0,-1.0
2925623,2024-02-13 05:15:56.390,1,-3.0,-3,-1.0,-1.0
2925624,2024-02-13 05:16:01.522,-3,-1.0,-3,-1.0,-1.0
2925625,2024-02-13 05:15:56.390,1,-3.0,-3,-1.0,-1.0
2925626,2024-02-13 05:16:12.825,-3,-1.0,-3,-1.0,-1.0
2925627,2024-02-13 05:16:16.917,-3,333333500.0,236,119138866.66666667,1.2891176470588235
2925628,2024-02-13 05:16:22.952,1,-3.0,-3,-1.0,-1.0
2925629,2024-02-13 05:16:16.917,-3,333333500.0,236,119138866.66666667,1.2891176470588235
2925630,2024-02-13 05:16:22.952,1,-3.0,-3,-1.0,-1.0
2925631,2024-02-13 05:16:39.544,-3,-1.0,-3,-1.0,-1.0
2925632,2024-02-13 05:17:20.966,-3,-1.0,-3,-1.0,-1.0
2925633,2024-02-13 05:17:26.425,-3,-1.0,-3,-1.0,-1.0
2925634,2024-02-13 05:17:20.966,-3,-1.0,-3,-1.0,-1.0
2925635,2024-02-13 05:17:37.288,-3,-1.0,-3,-1.0,-1.0
2925636,2024-02-13 05:17:48.255,-3,-1.0,-3,-1.0,-1.0
2925637,2024-02-13 05:17:48.906,-3,-1.0,-3,-1.0,-1.0
2925638,2024-02-13 05:17:49.143,-3,-1.0,-3,-1.0,-1.0
2925639,2024-02-13 05:17:48.255,-3,-1.0,-3,-1.0,-1.0
2925640,2024-02-13 05:18:20.297,7,-3.0,13,-1.0,-3.0
2925641,2024-02-13 05:18:24.802,-3,-1.0,-3,-1.0,-1.0
2925642,2024-02-13 05:18:25.777,-3,-1.0,-3,-1.0,-1.0
2925643,2024-02-13 05:18:31.076,-3,591134623.0,177,118322437.16666667,0.9007398273736128
2925644,2024-02-13 05:18:20.297,7,-3.0,13,-1.0,-3.0
2925645,2024-02-13 05:18:36.051,-3,-1.0,-3,-1.0,-1.0
2925646,2024-02-13 05:18:38.060,-3,-1.0,-3,-1.0,-1.0
2925647,2024-02-13 05:18:31.076,-3,591134623.0,177,118322437.16666667,0.9007398273736128
2925648,2024-02-13 05:18:49.577,-3,-1.0,-3,-1.0,-1.0
2925649,2024-02-13 05:18:50.196,-3,-1.0,-3,-1.0,-1.0
2925650,2024-02-13 05:18:57.176,1,3369374993.0,50,1691202163.5,1.1595238095238094
2925651,2024-02-13 05:18:58.229,7,-3.0,13,-1.0,-3.0
2925652,2024-02-13 05:18:58.630,-3,-1.0,-3,-1.0,-1.0
2925653,2024-02-13 05:19:03.547,-3,591134623.0,177,118322437.16666667,0.9007398273736128
2925654,2024-02-13 05:18:57.176,1,3369374993.0,50,1691202163.5,1.1595238095238094
2925655,2024-02-13 05:18:58.229,7,-3.0,13,-1.0,-3.0
2925656,2024-02-13 05:19:10.014,-3,-1.0,-3,-1.0,-1.0
2925657,2024-02-13 05:19:03.547,-3,591134623.0,177,118322437.16666667,0.9007398273736128
2925658,2024-02-13 05:19:20.620,-3,-1.0,-3,-1.0,-1.0
2925659,2024-02-13 05:19:20.692,1,3369374993.0,50,1691202163.5,1.1595238095238094
2925660,2024-02-13 05:19:20.692,1,3369374993.0,50,1691202163.5,1.1595238095238094
2925661,2024-02-13 05:19:31.785,-3,1947640089.0,15,236618876.55555555,5.880590339892666
2925662,2024-02-13 05:19:31.785,-3,1947640089.0,15,236618876.55555555,5.880590339892666
2925663,2024-02-13 05:19:55.544,-3,-1.0,-3,-1.0,-1.0
2925664,2024-02-13 05:20:12.437,2,-3.0,4,11629629.629629629,4.9039035305817995
2925665,2024-02-13 05:20:22.589,-3,-1.0,-3,-1.0,-1.0
2925666,2024-02-13 05:20:27.076,-3,-3.0,370,0.0,0.5014874141876431
2925667,2024-02-13 05:20:32.133,-3,-1.0,-3,-1.0,-1.0
2925668,2024-02-13 05:20:12.437,2,-3.0,4,11629629.629629629,4.9039035305817995
2925669,2024-02-13 05:20:38.749,-3,-1.0,-3,-1.0,-1.0
2925670,2024-02-13 05:20:27.076,-3,-3.0,370,0.0,0.5014874141876431
2925671,2024-02-13 05:20:44.029,-3,-1.0,-3,-1.0,-1.0
2925672,2024-02-13 05:20:50.336,2,-3.0,4,11629629.629629629,4.9039035305817995
2925673,2024-02-13 05:20:57.585,-3,-3.0,370,0.0,0.5014874141876431
2925674,2024-02-13 05:20:59.942,-3,-1.0,-3,-1.0,-1.0
2925675,2024-02-13 05:20:50.336,2,-3.0,4,11629629.629629629,4.9039035305817995
2925676,2024-02-13 05:20:57.585,-3,-3.0,370,0.0,0.5014874141876431
2925677,2024-02-13 05:21:12.622,-3,-1.0,-3,-1.0,-1.0
2925678,2024-02-13 05:21:34.290,-3,-1.0,-3,-1.0,-1.0
2925679,2024-02-13 05:21:55.160,2,-3.0,934,0.0,1.0188284518828452
2925680,2024-02-13 05:21:55.160,2,-3.0,934,0.0,1.0188284518828452
2925681,2024-02-13 05:22:22.495,-3,-1.0,-3,-1.0,-1.0
2925682,2024-02-13 05:23:20.405,-3,-1.0,-3,-1.0,-1.0
2925683,2024-02-13 05:23:20.583,-3,-1.0,-3,-1.0,-1.0
2925684,2024-02-13 05:23:31.018,-3,591134623.0,177,118322437.16666667,0.9007398273736128
2925685,2024-02-13 05:23:38.791,-3,-1.0,-3,-1.0,-1.0
2925686,2024-02-13 05:23:31.018,-3,591134623.0,177,118322437.16666667,0.9007398273736128
2925687,2024-02-13 05:24:02.142,3,-3.0,82,0.0,3.4933581296493093
2925688,2024-02-13 05:24:05.611,-3,-1.0,-3,-1.0,-1.0
2925689,2024-02-13 05:24:09.150,-3,-1.0,-3,-1.0,-1.0
2925690,2024-02-13 05:24:10.303,-3,-1.0,-3,-1.0,-1.0
2925691,2024-02-13 05:24:19.128,-3,-1.0,-3,-1.0,-1.0
2925692,2024-02-13 05:24:02.142,3,-3.0,82,0.0,3.4933581296493093
2925693,2024-02-13 05:24:21.224,-3,-1.0,-3,-1.0,-1.0
2925694,2024-02-13 05:24:10.303,-3,-1.0,-3,-1.0,-1.0
2925695,2024-02-13 05:24:29.737,-3,-1.0,-3,-1.0,-1.0
2925696,2024-02-13 05:24:33.318,3,-3.0,82,0.0,3.4933581296493093
2925697,2024-02-13 05:24:35.334,-3,-1.0,-3,-1.0,-1.0
2925698,2024-02-13 05:24:41.077,-3,-1.0,-3,-1.0,-1.0
2925699,2024-02-13 05:24:33.318,3,-3.0,82,0.0,3.4933581296493093
2925700,2024-02-13 05:24:47.667,-3,-1.0,-3,-1.0,-1.0
2925701,2024-02-13 05:24:41.077,-3,-1.0,-3,-1.0,-1.0
2925702,2024-02-13 05:25:12.579,-3,-1.0,-3,-1.0,-1.0
2925703,2024-02-13 05:25:15.262,-3,-1.0,-3,-1.0,-1.0
2925704,2024-02-13 05:25:44.739,-3,-3.0,357,163599931.0,-3.0
2925705,2024-02-13 05:25:45.156,-3,-1.0,-3,-1.0,-1.0
2925706,2024-02-13 05:25:46.787,2,1162641874.0,27,83045848.14285715,5.0034246575342465
2925707,2024-02-13 05:25:50.286,-3,-1.0,-3,-1.0,-1.0
2925708,2024-02-13 05:25:59.706,-3,-1.0,-3,-1.0,-1.0
2925709,2024-02-13 05:25:44.739,-3,-3.0,357,163599931.0,-3.0
2925710,2024-02-13 05:26:01.789,-3,-1.0,-3,-1.0,-1.0
2925711,2024-02-13 05:25:46.787,2,1162641874.0,27,83045848.14285715,5.0034246575342465
2925712,2024-02-13 05:26:17.284,-3,-1.0,-3,-1.0,-1.0
2925713,2024-02-13 05:26:23.765,-3,-3.0,357,163599931.0,-3.0
2925714,2024-02-13 05:26:17.284,-3,-1.0,-3,-1.0,-1.0
2925715,2024-02-13 05:26:33.288,-3,-1.0,-3,-1.0,-1.0
2925716,2024-02-13 05:26:23.765,-3,-3.0,357,163599931.0,-3.0
2925717,2024-02-13 05:26:41.208,2,1361270216.0,421,340317554.0,1.8900388098318242
2925718,2024-02-13 05:26:46.822,-3,-1.0,-3,-1.0,-1.0
2925719,2024-02-13 05:26:41.208,2,1361270216.0,421,340317554.0,1.8900388098318242
2925720,2024-02-13 05:27:04.741,2,-3.0,-3,-1.0,-1.0
2925721,2024-02-13 05:27:11.145,-3,-1.0,-3,-1.0,-1.0
2925722,2024-02-13 05:27:04.741,2,-3.0,-3,-1.0,-1.0
2925723,2024-02-13 05:27:22.538,-3,-1.0,-3,-1.0,-1.0
2925724,2024-02-13 05:27:34.639,2,-3.0,-3,-1.0,-1.0
2925725,2024-02-13 05:27:38.744,2,-3.0,4,11629629.629629629,4.9039035305817995
2925726,2024-02-13 05:27:41.686,-3,-1.0,-3,-1.0,-1.0
2925727,2024-02-13 05:27:41.786,-3,-1.0,-3,-1.0,-1.0
2925728,2024-02-13 05:27:42.915,-3,-1.0,-3,-1.0,-1.0
2925729,2024-02-13 05:27:44.432,-3,-1.0,-3,-1.0,-1.0
2925730,2024-02-13 05:27:34.639,2,-3.0,-3,-1.0,-1.0
2925731,2024-02-13 05:27:38.744,2,-3.0,4,11629629.629629629,4.9039035305817995
2925732,2024-02-13 05:27:56.034,-3,-1.0,-3,-1.0,-1.0
2925733,2024-02-13 05:27:59.867,-3,-1.0,-3,-1.0,-1.0
2925734,2024-02-13 05:28:10.386,2,-3.0,4,11629629.629629629,4.9039035305817995
2925735,2024-02-13 05:28:13.166,-3,-1.0,-3,-1.0,-1.0
2925736,2024-02-13 05:28:14.420,1,-3.0,-3,-1.0,-1.0
2925737,2024-02-13 05:28:19.986,-3,-1.0,-3,-1.0,-1.0
2925738,2024-02-13 05:28:23.518,-3,4491314039.0,56,315174919.75,6.528150134048258
2925739,2024-02-13 05:28:10.386,2,-3.0,4,11629629.629629629,4.9039035305817995
2925740,2024-02-13 05:28:28.169,-3,1469998800.0,15,244999800.0,1.077433628318584
2925741,2024-02-13 05:28:13.166,-3,-1.0,-3,-1.0,-1.0
2925742,2024-02-13 05:28:31.463,-3,-1.0,-3,-1.0,-1.0
2925743,2024-02-13 05:28:32.317,-3,-1.0,-3,-1.0,-1.0
2925744,2024-02-13 05:28:14.420,1,-3.0,-3,-1.0,-1.0
2925745,2024-02-13 05:28:44.832,-3,-1.0,-3,-1.0,-1.0
2925746,2024-02-13 05:28:23.518,-3,4491314039.0,56,315174919.75,6.528150134048258
2925747,2024-02-13 05:28:28.169,-3,1469998800.0,15,244999800.0,1.077433628318584
2925748,2024-02-13 05:28:53.024,-3,-1.0,-3,-1.0,-1.0
2925749,2024-02-13 05:28:44.832,-3,-1.0,-3,-1.0,-1.0
2925750,2024-02-13 05:29:03.815,2,707319423.0,223,101045631.85714285,1.6029780564263323
2925751,2024-02-13 05:29:14.940,-3,-1.0,-3,-1.0,-1.0
2925752,2024-02-13 05:29:18.463,-3,-1.0,-3,-1.0,-1.0
2925753,2024-02-13 05:29:03.815,2,707319423.0,223,101045631.85714285,1.6029780564263323
2925754,2024-02-13 05:29:27.722,-3,-1.0,-3,-1.0,-1.0
2925755,2024-02-13 05:29:40.077,2,707319423.0,223,101045631.85714285,1.6029780564263323
2925756,2024-02-13 05:29:53.023,-3,-1.0,-3,-1.0,-1.0
2925757,2024-02-13 05:29:40.077,2,707319423.0,223,101045631.85714285,1.6029780564263323
2925758,2024-02-13 05:29:54.284,-3,-1.0,-3,-1.0,-1.0
2925759,2024-02-13 05:29:59.943,2,-3.0,-3,-1.0,-1.0
2925760,2024-02-13 05:30:04.819,-3,-1.0,-3,-1.0,-1.0
2925761,2024-02-13 05:30:07.727,-3,-1.0,-3,-1.0,-1.0
2925762,2024-02-13 05:29:59.943,2,-3.0,-3,-1.0,-1.0
2925763,2024-02-13 05:30:16.566,-3,-1.0,-3,-1.0,-1.0
2925764,2024-02-13 05:30:24.728,3,-3.0,-3,137000000.0,0.6636886735311932
2925765,2024-02-13 05:30:25.550,2,-3.0,-3,-1.0,-1.0
2925766,2024-02-13 05:30:25.846,-3,-1.0,-3,-1.0,-1.0
2925767,2024-02-13 05:30:28.283,2,-3.0,-3,-1.0,-1.0
2925768,2024-02-13 05:30:33.873,-3,-1.0,-3,-1.0,-1.0
2925769,2024-02-13 05:30:24.728,3,-3.0,-3,137000000.0,0.6636886735311932
2925770,2024-02-13 05:30:36.942,-3,-1.0,-3,-1.0,-1.0
2925771,2024-02-13 05:30:28.283,2,-3.0,-3,-1.0,-1.0
2925772,2024-02-13 05:30:39.245,3,-3.0,1700,0.0,2.409300791556728
2925773,2024-02-13 05:30:25.550,2,-3.0,-3,-1.0,-1.0
2925774,2024-02-13 05:30:44.863,-3,-1.0,-3,-1.0,-1.0
2925775,2024-02-13 05:30:45.861,-3,-1.0,-3,-1.0,-1.0
2925776,2024-02-13 05:30:48.869,3,-3.0,-3,137000000.0,0.6636886735311932
2925777,2024-02-13 05:30:50.559,-3,-1.0,-3,-1.0,-1.0
2925778,2024-02-13 05:30:51.861,-3,-1.0,-3,-1.0,-1.0
2925779,2024-02-13 05:30:39.245,3,-3.0,1700,0.0,2.409300791556728
2925780,2024-02-13 05:30:58.146,-3,-1.0,-3,-1.0,-1.0
2925781,2024-02-13 05:30:48.869,3,-3.0,-3,137000000.0,0.6636886735311932
2925782,2024-02-13 05:31:03.223,-3,-1.0,-3,-1.0,-1.0
2925783,2024-02-13 05:31:06.422,2,-3.0,-3,-1.0,-1.0
2925784,2024-02-13 05:31:08.976,-3,-1.0,-3,-1.0,-1.0
2925785,2024-02-13 05:31:09.444,3,-3.0,1700,0.0,2.409300791556728
2925786,2024-02-13 05:31:06.422,2,-3.0,-3,-1.0,-1.0
2925787,2024-02-13 05:31:09.444,3,-3.0,1700,0.0,2.409300791556728
2925788,2024-02-13 05:31:23.896,-3,-3.0,299,196974000.0,-3.0
2925789,2024-02-13 05:31:29.650,-3,-1.0,-3,-1.0,-1.0
2925790,2024-02-13 05:31:23.896,-3,-3.0,299,196974000.0,-3.0
2925791,2024-02-13 05:31:40.797,-3,-1.0,-3,-1.0,-1.0
2925792,2024-02-13 05:31:50.507,-3,-3.0,51,204446666.0,-3.0
2925793,2024-02-13 05:31:52.059,-3,-3.0,299,196974000.0,-3.0
2925794,2024-02-13 05:31:54.163,-3,-1.0,-3,-1.0,-1.0
2925795,2024-02-13 05:31:52.059,-3,-3.0,299,196974000.0,-3.0
2925796,2024-02-13 05:31:50.507,-3,-3.0,51,204446666.0,-3.0
2925797,2024-02-13 05:32:04.984,-3,-1.0,-3,-1.0,-1.0
2925798,2024-02-13 05:32:22.388,-3,-1.0,-3,-1.0,-1.0
2925799,2024-02-13 05:32:24.984,-3,-1.0,-3,-1.0,-1.0
2925800,2024-02-13 05:32:29.438,-3,-3.0,51,204446666.0,-3.0
2925801,2024-02-13 05:32:29.438,-3,-3.0,51,204446666.0,-3.0
2925802,2024-02-13 05:32:53.811,1,-3.0,-3,-1.0,-1.0
2925803,2024-02-13 05:32:56.344,-3,-1.0,-3,-1.0,-1.0
2925804,2024-02-13 05:32:57.149,-3,-1.0,-3,-1.0,-1.0
2925805,2024-02-13 05:33:02.749,-3,-1.0,-3,-1.0,-1.0
2925806,2024-02-13 05:32:53.811,1,-3.0,-3,-1.0,-1.0
2925807,2024-02-13 05:33:08.175,-3,-1.0,-3,-1.0,-1.0
2925808,2024-02-13 05:32:56.344,-3,-1.0,-3,-1.0,-1.0
2925809,2024-02-13 05:33:13.711,-3,-1.0,-3,-1.0,-1.0
2925810,2024-02-13 05:33:31.707,1,-3.0,-3,-1.0,-1.0
2925811,2024-02-13 05:33:37.831,-3,-1.0,-3,-1.0,-1.0
2925812,2024-02-13 05:33:31.707,1,-3.0,-3,-1.0,-1.0
2925813,2024-02-13 05:33:37.831,-3,-1.0,-3,-1.0,-1.0
2925814,2024-02-13 05:34:07.378,-3,-1.0,-3,-1.0,-1.0
2925815,2024-02-13 05:34:16.822,-3,-1.0,-3,-1.0,-1.0
2925816,2024-02-13 05:34:47.759,-3,-1.0,-3,-1.0,-1.0
2925817,2024-02-13 05:34:48.761,1,1121317.0,70,1121317.0,-3.0
2925818,2024-02-13 05:34:53.499,-3,-1.0,-3,-1.0,-1.0
2925819,2024-02-13 05:34:58.129,-3,-1.0,-3,-1.0,-1.0
2925820,2024-02-13 05:34:48.761,1,1121317.0,70,1121317.0,-3.0
2925821,2024-02-13 05:35:04.155,-3,-1.0,-3,-1.0,-1.0
2925822,2024-02-13 05:35:04.664,-3,-1.0,-3,-1.0,-1.0
2925823,2024-02-13 05:34:58.129,-3,-1.0,-3,-1.0,-1.0
2925824,2024-02-13 05:35:15.098,-3,-1.0,-3,-1.0,-1.0
2925825,2024-02-13 05:35:28.151,-3,-1.0,-3,-1.0,-1.0
2925826,2024-02-13 05:35:28.167,-3,-1.0,-3,-1.0,-1.0
2925827,2024-02-13 05:35:28.775,1,1121317.0,70,1121317.0,-3.0
2925828,2024-02-13 05:35:29.548,-3,-1.0,-3,-1.0,-1.0
2925829,2024-02-13 05:35:32.271,-3,-1.0,-3,-1.0,-1.0
2925830,2024-02-13 05:35:28.775,1,1121317.0,70,1121317.0,-3.0
2925831,2024-02-13 05:35:39.248,-3,-1.0,-3,-1.0,-1.0
2925832,2024-02-13 05:35:29.548,-3,-1.0,-3,-1.0,-1.0
2925833,2024-02-13 05:35:43.149,-3,-1.0,-3,-1.0,-1.0
2925834,2024-02-13 05:35:39.248,-3,-1.0,-3,-1.0,-1.0
2925835,2024-02-13 05:35:54.350,-3,-1.0,-3,-1.0,-1.0
2925836,2024-02-13 05:35:57.485,-3,-1.0,-3,-1.0,-1.0
2925837,2024-02-13 05:35:54.350,-3,-1.0,-3,-1.0,-1.0
2925838,2024-02-13 05:36:09.661,2,953687751.0,74,323451472.3333333,0.6990430622009569
2925839,2024-02-13 05:36:09.672,-3,426275198.0,139,60896456.85714286,1.5939837905236909
2925840,2024-02-13 05:36:15.836,-3,-1.0,-3,-1.0,-1.0
2925841,2024-02-13 05:36:09.672,-3,426275198.0,139,60896456.85714286,1.5939837905236909
2925842,2024-02-13 05:36:09.661,2,953687751.0,74,323451472.3333333,0.6990430622009569
2925843,2024-02-13 05:36:28.514,-3,-1.0,-3,-1.0,-1.0
2925844,2024-02-13 05:36:38.904,1,1148778676.0,54,287194669.0,0.8023064250411861
2925845,2024-02-13 05:36:43.615,2,953687751.0,74,323451472.3333333,0.6990430622009569
2925846,2024-02-13 05:36:44.307,-3,-1.0,-3,-1.0,-1.0
2925847,2024-02-13 05:36:38.904,1,1148778676.0,54,287194669.0,0.8023064250411861
2925848,2024-02-13 05:36:43.615,2,953687751.0,74,323451472.3333333,0.6990430622009569
2925849,2024-02-13 05:36:56.341,-3,-1.0,-3,-1.0,-1.0
2925850,2024-02-13 05:36:59.058,-3,-1.0,-3,-1.0,-1.0
2925851,2024-02-13 05:37:08.694,1,1148778676.0,54,287194669.0,0.8023064250411861
2925852,2024-02-13 05:37:11.494,-3,-1.0,-3,-1.0,-1.0
2925853,2024-02-13 05:37:08.694,1,1148778676.0,54,287194669.0,0.8023064250411861
2925854,2024-02-13 05:37:40.622,1,250000000.0,84,125000000.0,0.6185436071126165
2925855,2024-02-13 05:37:43.505,-3,-1.0,-3,-1.0,-1.0
2925856,2024-02-13 05:37:40.622,1,250000000.0,84,125000000.0,0.6185436071126165
2925857,2024-02-13 05:37:54.784,-3,-1.0,-3,-1.0,-1.0
2925858,2024-02-13 05:38:18.602,1,250000000.0,84,125000000.0,0.6185436071126165
2925859,2024-02-13 05:38:20.648,-3,-1.0,-3,-1.0,-1.0
2925860,2024-02-13 05:38:18.602,1,250000000.0,84,125000000.0,0.6185436071126165
2925861,2024-02-13 05:39:08.634,-3,-1.0,-3,-1.0,-1.0
2925862,2024-02-13 05:39:25.970,-3,-1.0,-3,-1.0,-1.0
2925863,2024-02-13 05:39:40.072,-3,-1.0,-3,-1.0,-1.0
2925864,2024-02-13 05:39:44.543,-3,-1.0,-3,-1.0,-1.0
2925865,2024-02-13 05:39:47.195,-3,-1.0,-3,-1.0,-1.0
2925866,2024-02-13 05:39:47.208,-3,-1.0,-3,-1.0,-1.0
2925867,2024-02-13 05:39:40.072,-3,-1.0,-3,-1.0,-1.0
2925868,2024-02-13 05:39:56.679,-3,-1.0,-3,-1.0,-1.0
2925869,2024-02-13 05:39:57.399,-3,32700000000.0,13,3633333333.3333335,1.9719556088782242
2925870,2024-02-13 05:40:07.629,-3,-1.0,-3,-1.0,-1.0
2925871,2024-02-13 05:40:12.294,-3,-1.0,-3,-1.0,-1.0
2925872,2024-02-13 05:39:57.399,-3,32700000000.0,13,3633333333.3333335,1.9719556088782242
2925873,2024-02-13 05:40:20.702,-3,-1.0,-3,-1.0,-1.0
2925874,2024-02-13 05:40:28.526,-3,-3.0,370,0.0,0.5014874141876431
2925875,2024-02-13 05:40:30.287,2,-3.0,1,0.0,3.752568493150685
2925876,2024-02-13 05:40:30.312,-3,-3.0,187,103200000.0,2.148529411764706
2925877,2024-02-13 05:40:20.702,-3,-1.0,-3,-1.0,-1.0
2925878,2024-02-13 05:40:36.478,-3,-1.0,-3,-1.0,-1.0
2925879,2024-02-13 05:40:28.526,-3,-3.0,370,0.0,0.5014874141876431
2925880,2024-02-13 05:40:43.713,-3,-1.0,-3,-1.0,-1.0
2925881,2024-02-13 05:40:30.287,2,-3.0,1,0.0,3.752568493150685
2925882,2024-02-13 05:40:30.312,-3,-3.0,187,103200000.0,2.148529411764706
2925883,2024-02-13 05:40:47.751,-3,-1.0,-3,-1.0,-1.0
2925884,2024-02-13 05:40:47.865,-3,-1.0,-3,-1.0,-1.0
2925885,2024-02-13 05:40:50.022,-3,-1.0,-3,-1.0,-1.0
2925886,2024-02-13 05:40:57.528,-3,-1.0,-3,-1.0,-1.0
2925887,2024-02-13 05:40:58.650,2,-3.0,1,0.0,3.752568493150685
2925888,2024-02-13 05:40:43.713,-3,-1.0,-3,-1.0,-1.0
2925889,2024-02-13 05:41:00.652,-3,-1.0,-3,-1.0,-1.0
2925890,2024-02-13 05:40:58.650,2,-3.0,1,0.0,3.752568493150685
2925891,2024-02-13 05:41:19.831,-3,-1.0,-3,-1.0,-1.0
2925892,2024-02-13 05:41:25.260,-3,-1.0,-3,-1.0,-1.0
2925893,2024-02-13 05:41:30.521,6,-3.0,4,22777777.777777776,5.595319148936171
2925894,2024-02-13 05:41:25.260,-3,-1.0,-3,-1.0,-1.0
2925895,2024-02-13 05:41:37.195,-3,-1.0,-3,-1.0,-1.0
2925896,2024-02-13 05:41:39.703,-3,-1.0,-3,-1.0,-1.0
2925897,2024-02-13 05:41:30.521,6,-3.0,4,22777777.777777776,5.595319148936171
2925898,2024-02-13 05:41:55.775,-3,-1.0,-3,-1.0,-1.0
2925899,2024-02-13 05:42:00.520,3,-3.0,-3,137000000.0,0.6636886735311932
2925900,2024-02-13 05:42:01.215,-3,1483485809.0,294,296697161.8,1.023682735426009
2925901,2024-02-13 05:42:07.558,6,-3.0,4,22777777.777777776,5.595319148936171
2925902,2024-02-13 05:42:00.520,3,-3.0,-3,137000000.0,0.6636886735311932
2925903,2024-02-13 05:42:07.558,6,-3.0,4,22777777.777777776,5.595319148936171
2925904,2024-02-13 05:42:01.215,-3,1483485809.0,294,296697161.8,1.023682735426009
2925905,2024-02-13 05:42:30.262,-3,-1.0,-3,-1.0,-1.0
2925906,2024-02-13 05:42:33.202,-3,-1.0,-3,-1.0,-1.0
2925907,2024-02-13 05:43:04.731,1,-3.0,1330,0.0,2.087142857142857
2925908,2024-02-13 05:43:12.550,-3,-1.0,-3,-1.0,-1.0
2925909,2024-02-13 05:43:21.082,-3,-1.0,-3,-1.0,-1.0
2925910,2024-02-13 05:43:21.324,-3,-1.0,-3,-1.0,-1.0
2925911,2024-02-13 05:43:04.731,1,-3.0,1330,0.0,2.087142857142857
2925912,2024-02-13 05:43:22.748,-3,-1.0,-3,-1.0,-1.0
2925913,2024-02-13 05:43:24.233,-3,-1.0,-3,-1.0,-1.0
2925914,2024-02-13 05:43:29.909,-3,-1.0,-3,-1.0,-1.0
2925915,2024-02-13 05:43:32.060,-3,-1.0,-3,-1.0,-1.0
2925916,2024-02-13 05:43:35.211,-3,-1.0,-3,-1.0,-1.0
2925917,2024-02-13 05:43:41.556,1,-3.0,1330,0.0,2.087142857142857
2925918,2024-02-13 05:43:44.564,-3,-1.0,-3,-1.0,-1.0
2925919,2024-02-13 05:43:52.547,1,-3.0,122,0.0,-3.0
2925920,2024-02-13 05:43:54.079,-3,-1.0,-3,-1.0,-1.0
2925921,2024-02-13 05:43:41.556,1,-3.0,1330,0.0,2.087142857142857
2925922,2024-02-13 05:43:59.149,-3,-1.0,-3,-1.0,-1.0
2925923,2024-02-13 05:43:59.364,-3,-1.0,-3,-1.0,-1.0
2925924,2024-02-13 05:44:06.645,-3,-3.0,1357,0.0,10.58695652173913
2925925,2024-02-13 05:43:52.547,1,-3.0,122,0.0,-3.0
2925926,2024-02-13 05:43:54.079,-3,-1.0,-3,-1.0,-1.0
2925927,2024-02-13 05:44:09.923,-3,-1.0,-3,-1.0,-1.0
2925928,2024-02-13 05:44:11.658,-3,3281945205.0,151,3281945205.0,-3.0
2925929,2024-02-13 05:44:12.764,-3,-3.0,195,50400000.0,0.6697738386308068
2925930,2024-02-13 05:44:13.328,-3,-1.0,-3,-1.0,-1.0
2925931,2024-02-13 05:44:21.629,-3,-1.0,-3,-1.0,-1.0
2925932,2024-02-13 05:44:22.744,-3,-1.0,-3,-1.0,-1.0
2925933,2024-02-13 05:44:22.868,-3,-1.0,-3,-1.0,-1.0
2925934,2024-02-13 05:44:06.645,-3,-3.0,1357,0.0,10.58695652173913
2925935,2024-02-13 05:44:23.559,1,491809096.0,118,81968182.66666667,1.5282426778242677
2925936,2024-02-13 05:44:24.701,-3,-1.0,-3,-1.0,-1.0
2925937,2024-02-13 05:44:12.764,-3,-3.0,195,50400000.0,0.6697738386308068
2925938,2024-02-13 05:44:31.284,-3,-1.0,-3,-1.0,-1.0
2925939,2024-02-13 05:44:11.658,-3,3281945205.0,151,3281945205.0,-3.0
2925940,2024-02-13 05:44:21.629,-3,-1.0,-3,-1.0,-1.0
2925941,2024-02-13 05:44:33.747,-3,-1.0,-3,-1.0,-1.0
2925942,2024-02-13 05:44:34.186,-3,-1.0,-3,-1.0,-1.0
2925943,2024-02-13 05:44:37.477,-3,-3.0,1357,0.0,10.58695652173913
2925944,2024-02-13 05:44:23.559,1,491809096.0,118,81968182.66666667,1.5282426778242677
2925945,2024-02-13 05:44:37.477,-3,-3.0,1357,0.0,10.58695652173913
2925946,2024-02-13 05:44:50.151,-3,-1.0,-3,-1.0,-1.0
2925947,2024-02-13 05:44:54.247,-3,3281945205.0,151,3281945205.0,-3.0
2925948,2024-02-13 05:45:02.666,1,-3.0,-3,-1.0,-1.0
2925949,2024-02-13 05:44:54.247,-3,3281945205.0,151,3281945205.0,-3.0
2925950,2024-02-13 05:45:07.161,-3,-1.0,-3,-1.0,-1.0
2925951,2024-02-13 05:45:02.666,1,-3.0,-3,-1.0,-1.0
2925952,2024-02-13 05:45:17.965,-3,-1.0,-3,-1.0,-1.0
2925953,2024-02-13 05:45:31.940,-3,3319227081.0,71,276602256.75,3.8046875
2925954,2024-02-13 05:45:31.940,-3,3319227081.0,71,276602256.75,3.8046875
2925955,2024-02-13 05:46:08.928,1,-3.0,-3,-1.0,-1.0
2925956,2024-02-13 05:46:08.928,1,-3.0,-3,-1.0,-1.0
2925957,2024-02-13 05:46:35.477,-3,-1.0,-3,-1.0,-1.0
2925958,2024-02-13 05:46:38.967,-3,-1.0,-3,-1.0,-1.0
2925959,2024-02-13 05:46:51.901,-3,-1.0,-3,-1.0,-1.0
2925960,2024-02-13 05:47:07.460,-3,4681739639.0,88,334409974.21428573,3.0420599666851746
2925961,2024-02-13 05:47:20.547,-3,1923205715.0,168,398441143.0,5.306295399515738
2925962,2024-02-13 05:47:23.616,1,10435758829.0,172,5217879414.5,0.3131161594513502
2925963,2024-02-13 05:47:26.181,-3,-1.0,-3,-1.0,-1.0
2925964,2024-02-13 05:47:27.494,-3,-1.0,-3,-1.0,-1.0
2925965,2024-02-13 05:47:07.460,-3,4681739639.0,88,334409974.21428573,3.0420599666851746
2925966,2024-02-13 05:47:20.547,-3,1923205715.0,168,398441143.0,5.306295399515738
2925967,2024-02-13 05:47:23.616,1,10435758829.0,172,5217879414.5,0.3131161594513502
2925968,2024-02-13 05:47:38.880,-3,-1.0,-3,-1.0,-1.0
2925969,2024-02-13 05:47:39.325,-3,-1.0,-3,-1.0,-1.0
2925970,2024-02-13 05:47:49.331,-3,-1.0,-3,-1.0,-1.0
2925971,2024-02-13 05:47:50.052,1,10435758829.0,172,5217879414.5,0.3131161594513502
2925972,2024-02-13 05:47:51.398,-3,1923205715.0,168,398441143.0,5.306295399515738
2925973,2024-02-13 05:47:50.052,1,10435758829.0,172,5217879414.5,0.3131161594513502
2925974,2024-02-13 05:47:51.398,-3,1923205715.0,168,398441143.0,5.306295399515738
2925975,2024-02-13 05:48:30.987,-3,-3.0,-3,-1.0,-1.0
2925977,2024-02-13 05:48:30.987,-3,-3.0,-3,-1.0,-1.0
2925978,2024-02-13 05:48:47.520,-3,-1.0,-3,-1.0,-1.0
2925979,2024-02-13 05:48:58.876,-3,-1.0,-3,-1.0,-1.0
2925980,2024-02-13 05:49:10.761,-3,-3.0,-3,-1.0,-1.0
2925981,2024-02-13 05:49:10.761,-3,-3.0,-3,-1.0,-1.0
2925982,2024-02-13 05:49:30.407,-3,-3.0,992,0.0,0.9317602040816326
2925983,2024-02-13 05:49:35.448,-3,-1.0,-3,-1.0,-1.0
2925984,2024-02-13 05:49:30.407,-3,-3.0,992,0.0,0.9317602040816326
2925985,2024-02-13 05:49:47.209,-3,-1.0,-3,-1.0,-1.0
2925986,2024-02-13 05:49:58.839,-3,-3.0,992,0.0,0.9317602040816326
2925987,2024-02-13 05:50:00.865,-3,-1.0,-3,-1.0,-1.0
2925988,2024-02-13 05:49:58.839,-3,-3.0,992,0.0,0.9317602040816326
2925989,2024-02-13 05:50:15.293,-3,-1.0,-3,-1.0,-1.0
2925990,2024-02-13 05:50:34.981,-3,-1.0,-3,-1.0,-1.0
2925991,2024-02-13 05:51:09.368,-3,11942774100.0,95,2030331716.6666667,2.006868131868132
2925992,2024-02-13 05:51:11.403,-3,-1.0,-3,-1.0,-1.0
2925993,2024-02-13 05:51:18.390,-3,-1.0,-3,-1.0,-1.0
2925994,2024-02-13 05:51:28.357,-3,-1.0,-3,-1.0,-1.0
2925995,2024-02-13 05:51:09.368,-3,11942774100.0,95,2030331716.6666667,2.006868131868132
2925996,2024-02-13 05:51:34.517,-3,-1.0,-3,-1.0,-1.0
2925997,2024-02-13 05:51:42.925,-3,1494204.0,1023,498068.0,18.2625
2925998,2024-02-13 05:51:46.364,-3,11942774100.0,95,2030331716.6666667,2.006868131868132
2925999,2024-02-13 05:51:42.925,-3,1494204.0,1023,498068.0,18.2625
2926000,2024-02-13 05:51:46.364,-3,11942774100.0,95,2030331716.6666667,2.006868131868132
2926001,2024-02-13 05:52:09.786,-3,-1.0,-3,-1.0,-1.0
2926002,2024-02-13 05:52:15.963,-3,-1.0,-3,-1.0,-1.0
2926003,2024-02-13 05:52:22.149,-3,-1.0,-3,-1.0,-1.0
2926004,2024-02-13 05:52:09.786,-3,-1.0,-3,-1.0,-1.0
2926005,2024-02-13 05:52:27.063,-3,-1.0,-3,-1.0,-1.0
2926006,2024-02-13 05:52:38.435,-3,-1.0,-3,-1.0,-1.0
2926007,2024-02-13 05:52:38.435,-3,-1.0,-3,-1.0,-1.0
2926008,2024-02-13 05:52:53.760,2,-3.0,-3,-1.0,-1.0
2926009,2024-02-13 05:52:54.568,-3,-1.0,-3,-1.0,-1.0
2926010,2024-02-13 05:52:53.760,2,-3.0,-3,-1.0,-1.0
2926011,2024-02-13 05:53:05.130,-3,-1.0,-3,-1.0,-1.0
2926012,2024-02-13 05:53:17.284,-3,-1.0,-3,-1.0,-1.0
2926013,2024-02-13 05:53:26.749,2,-3.0,-3,-1.0,-1.0
2926014,2024-02-13 05:53:26.749,2,-3.0,-3,-1.0,-1.0
2926015,2024-02-13 05:53:54.634,-3,-1.0,-3,-1.0,-1.0
2926016,2024-02-13 05:53:58.793,-3,-3.0,187,103200000.0,2.148529411764706
2926017,2024-02-13 05:54:10.516,-3,-1.0,-3,-1.0,-1.0
2926018,2024-02-13 05:53:58.793,-3,-3.0,187,103200000.0,2.148529411764706
2926019,2024-02-13 05:54:26.194,3,-3.0,378,0.0,-3.0
2926020,2024-02-13 05:54:26.194,3,-3.0,378,0.0,-3.0
2926021,2024-02-13 05:54:42.028,-3,-3.0,147,0.0,1.180129240710824
2926022,2024-02-13 05:54:42.059,-3,-1.0,-3,-1.0,-1.0
2926023,2024-02-13 05:54:42.028,-3,-3.0,147,0.0,1.180129240710824
2926024,2024-02-13 05:55:13.643,-3,2655000001.0,68,1328937333.5,3.4952153110047846
2926025,2024-02-13 05:55:15.861,-3,-1.0,-3,-1.0,-1.0
2926026,2024-02-13 05:55:13.643,-3,2655000001.0,68,1328937333.5,3.4952153110047846
2926027,2024-02-13 05:55:45.956,-3,-1.0,-3,-1.0,-1.0
2926028,2024-02-13 05:55:47.604,-3,-3.0,-3,-1.0,-1.0
2926029,2024-02-13 05:55:47.604,-3,-3.0,-3,-1.0,-1.0
2926030,2024-02-13 05:56:10.877,1,250000000.0,84,125000000.0,0.6185436071126165
2926031,2024-02-13 05:56:14.788,-3,-1.0,-3,-1.0,-1.0
2926032,2024-02-13 05:56:10.877,1,250000000.0,84,125000000.0,0.6185436071126165
2926033,2024-02-13 05:56:35.945,-3,-1.0,-3,-1.0,-1.0
2926034,2024-02-13 05:56:36.930,-3,-1.0,-3,-1.0,-1.0
2926035,2024-02-13 05:56:41.187,-3,-1.0,-3,-1.0,-1.0
2926036,2024-02-13 05:56:42.853,-3,-1.0,-3,-1.0,-1.0
2926037,2024-02-13 05:56:46.312,1,-3.0,8,4457600.0,1.376224566691786
2926038,2024-02-13 05:56:52.078,-3,-1.0,-3,-1.0,-1.0
2926039,2024-02-13 05:56:46.312,1,-3.0,8,4457600.0,1.376224566691786
2926040,2024-02-13 05:57:05.242,-3,-1.0,-3,-1.0,-1.0
2926041,2024-02-13 05:57:07.503,-3,-3.0,13,0.0,0.4372505985634477
2926042,2024-02-13 05:57:11.923,-3,-1.0,-3,-1.0,-1.0
2926043,2024-02-13 05:57:12.578,10,1046032985.0,48,523016492.5,1.4522862823061629
2926044,2024-02-13 05:57:14.443,-3,-3.0,1062,0.0,5.010288065843621
2926045,2024-02-13 05:57:17.144,1,-3.0,8,4457600.0,1.376224566691786
2926046,2024-02-13 05:57:19.458,-3,-1.0,-3,-1.0,-1.0
2926047,2024-02-13 05:57:20.258,-3,-1.0,-3,-1.0,-1.0
2926048,2024-02-13 05:57:07.503,-3,-3.0,13,0.0,0.4372505985634477
2926049,2024-02-13 05:57:23.202,-3,-1.0,-3,-1.0,-1.0
2926050,2024-02-13 05:57:23.543,-3,-1.0,-3,-1.0,-1.0
2926051,2024-02-13 05:57:12.578,10,1046032985.0,48,523016492.5,1.4522862823061629
2926052,2024-02-13 05:57:14.443,-3,-3.0,1062,0.0,5.010288065843621
2926053,2024-02-13 05:57:17.144,1,-3.0,8,4457600.0,1.376224566691786
2926054,2024-02-13 05:57:32.805,-3,-1.0,-3,-1.0,-1.0
2926055,2024-02-13 05:57:34.908,-3,-1.0,-3,-1.0,-1.0
2926056,2024-02-13 05:57:35.231,-3,-3.0,13,0.0,0.4372505985634477
2926057,2024-02-13 05:57:36.791,-3,-1.0,-3,-1.0,-1.0
2926058,2024-02-13 05:57:44.524,10,1046032985.0,48,523016492.5,1.4522862823061629
2926059,2024-02-13 05:57:48.491,-3,-1.0,-3,-1.0,-1.0
2926060,2024-02-13 05:57:35.231,-3,-3.0,13,0.0,0.4372505985634477
2926061,2024-02-13 05:57:49.945,-3,-1.0,-3,-1.0,-1.0
2926062,2024-02-13 05:57:51.954,-3,-1.0,-3,-1.0,-1.0
2926063,2024-02-13 05:57:44.524,10,1046032985.0,48,523016492.5,1.4522862823061629
2926064,2024-02-13 05:58:04.132,-3,-1.0,-3,-1.0,-1.0
2926065,2024-02-13 05:58:07.693,-3,-1.0,-3,-1.0,-1.0
2926066,2024-02-13 05:58:15.374,-3,7269311925.0,1557,1453862385.0,2.623922413793103
2926067,2024-02-13 05:58:21.526,-3,-1.0,-3,-1.0,-1.0
2926068,2024-02-13 05:58:23.049,-3,-1.0,-3,-1.0,-1.0
2926069,2024-02-13 05:58:23.326,6,3055510510.0,15,662930250.8,67.63888888888889
2926070,2024-02-13 05:58:15.374,-3,7269311925.0,1557,1453862385.0,2.623922413793103
2926071,2024-02-13 05:58:23.326,6,3055510510.0,15,662930250.8,67.63888888888889
2926072,2024-02-13 05:58:49.357,-3,-1.0,-3,-1.0,-1.0
2926073,2024-02-13 05:58:55.118,-3,-1.0,-3,-1.0,-1.0
2926074,2024-02-13 05:59:03.138,-3,-1.0,-3,-1.0,-1.0
2926075,2024-02-13 05:59:04.569,-3,967499164.0,172,322499721.3333333,1.5564630681818181
2926076,2024-02-13 05:58:49.357,-3,-1.0,-3,-1.0,-1.0
2926077,2024-02-13 05:59:05.777,-3,-1.0,-3,-1.0,-1.0
2926078,2024-02-13 05:59:09.575,-3,-1.0,-3,-1.0,-1.0
2926079,2024-02-13 05:59:16.868,-3,-1.0,-3,-1.0,-1.0
2926080,2024-02-13 05:59:03.138,-3,-1.0,-3,-1.0,-1.0
2926081,2024-02-13 05:59:04.569,-3,967499164.0,172,322499721.3333333,1.5564630681818181
2926082,2024-02-13 05:59:20.535,-3,-1.0,-3,-1.0,-1.0
2926083,2024-02-13 05:59:25.468,-3,-1.0,-3,-1.0,-1.0
2926084,2024-02-13 05:59:16.868,-3,-1.0,-3,-1.0,-1.0
2926085,2024-02-13 05:59:40.321,-3,-1.0,-3,-1.0,-1.0
2926086,2024-02-13 05:59:42.541,-3,-1.0,-3,-1.0,-1.0
2926087,2024-02-13 05:59:42.541,-3,-1.0,-3,-1.0,-1.0
2926088,2024-02-13 05:59:57.230,-3,259607921.0,267,43267986.833333336,1.2883597883597884
2926089,2024-02-13 05:59:57.230,-3,259607921.0,267,43267986.833333336,1.2883597883597884
2926090,2024-02-13 06:00:22.025,-3,297334099.0,257,148667049.5,0.6169763513513513
2926091,2024-02-13 06:00:27.035,-3,-1.0,-3,-1.0,-1.0
2926092,2024-02-13 06:00:22.025,-3,297334099.0,257,148667049.5,0.6169763513513513
2926093,2024-02-13 06:00:38.495,-3,-1.0,-3,-1.0,-1.0
2926094,2024-02-13 06:00:51.515,-3,297334099.0,257,148667049.5,0.6169763513513513
2926095,2024-02-13 06:00:53.030,-3,-1.0,-3,-1.0,-1.0
2926096,2024-02-13 06:00:51.515,-3,297334099.0,257,148667049.5,0.6169763513513513
2926097,2024-02-13 06:01:05.106,-3,-1.0,-3,-1.0,-1.0
2926098,2024-02-13 06:01:15.958,-3,-1.0,-3,-1.0,-1.0
2926099,2024-02-13 06:01:43.661,-3,-1.0,-3,-1.0,-1.0
2926100,2024-02-13 06:01:44.591,-3,-1.0,-3,-1.0,-1.0
2926101,2024-02-13 06:01:47.495,-3,2845763433.0,146,460720429.125,1.8415966386554623
2926102,2024-02-13 06:01:47.495,-3,2845763433.0,146,460720429.125,1.8415966386554623
2926103,2024-02-13 06:02:12.230,-3,-1.0,-3,-1.0,-1.0
2926104,2024-02-13 06:02:15.113,3,737240233.0,8,233973372.16666666,3.13327205882353
2926105,2024-02-13 06:02:15.791,2,-3.0,-3,-1.0,-1.0
2926106,2024-02-13 06:02:20.188,-3,-1.0,-3,-1.0,-1.0
2926107,2024-02-13 06:02:15.791,2,-3.0,-3,-1.0,-1.0
2926108,2024-02-13 06:02:30.622,-3,-1.0,-3,-1.0,-1.0
2926109,2024-02-13 06:02:15.113,3,737240233.0,8,233973372.16666666,3.13327205882353
2926110,2024-02-13 06:02:33.237,-3,-1.0,-3,-1.0,-1.0
2926111,2024-02-13 06:02:33.452,-3,297334099.0,257,148667049.5,0.6169763513513513
2926112,2024-02-13 06:02:40.394,-3,-1.0,-3,-1.0,-1.0
2926113,2024-02-13 06:02:42.656,2,-3.0,-3,-1.0,-1.0
2926114,2024-02-13 06:02:33.452,-3,297334099.0,257,148667049.5,0.6169763513513513
2926115,2024-02-13 06:02:43.786,-3,18187711912.0,817,6062570637.333333,2.6595873786407767
2926116,2024-02-13 06:02:43.829,-3,-1.0,-3,-1.0,-1.0
2926117,2024-02-13 06:02:50.882,-3,-3.0,13,0.0,0.4372505985634477
2926118,2024-02-13 06:02:51.400,-3,-1.0,-3,-1.0,-1.0
2926119,2024-02-13 06:02:53.704,-3,-1.0,-3,-1.0,-1.0
2926120,2024-02-13 06:02:42.656,2,-3.0,-3,-1.0,-1.0
2926121,2024-02-13 06:02:55.176,-3,-1.0,-3,-1.0,-1.0
2926122,2024-02-13 06:02:56.261,-3,-1.0,-3,-1.0,-1.0
2926123,2024-02-13 06:02:50.882,-3,-3.0,13,0.0,0.4372505985634477
2926124,2024-02-13 06:02:43.786,-3,18187711912.0,817,6062570637.333333,2.6595873786407767
2926125,2024-02-13 06:03:03.145,-3,-1.0,-3,-1.0,-1.0
2926126,2024-02-13 06:03:04.853,-3,-1.0,-3,-1.0,-1.0
2926127,2024-02-13 06:03:13.839,-3,-1.0,-3,-1.0,-1.0
2926128,2024-02-13 06:03:17.932,-3,-1.0,-3,-1.0,-1.0
2926129,2024-02-13 06:03:19.138,-3,18187711912.0,817,6062570637.333333,2.6595873786407767
2926130,2024-02-13 06:03:25.123,-3,-1.0,-3,-1.0,-1.0
2926131,2024-02-13 06:03:27.839,-3,-1.0,-3,-1.0,-1.0
2926132,2024-02-13 06:03:29.179,-3,-1.0,-3,-1.0,-1.0
2926133,2024-02-13 06:03:19.138,-3,18187711912.0,817,6062570637.333333,2.6595873786407767
2926134,2024-02-13 06:03:34.403,-3,-3.0,1359,0.0,2.3794788273615635
2926135,2024-02-13 06:03:25.123,-3,-1.0,-3,-1.0,-1.0
2926136,2024-02-13 06:03:38.543,-3,-1.0,-3,-1.0,-1.0
2926137,2024-02-13 06:03:38.695,-3,-1.0,-3,-1.0,-1.0
2926138,2024-02-13 06:03:39.710,10,1046032985.0,48,523016492.5,1.4522862823061629
2926139,2024-02-13 06:03:34.403,-3,-3.0,1359,0.0,2.3794788273615635
2926140,2024-02-13 06:03:49.625,-3,-1.0,-3,-1.0,-1.0
2926141,2024-02-13 06:03:39.710,10,1046032985.0,48,523016492.5,1.4522862823061629
2926142,2024-02-13 06:03:54.056,-3,-1.0,-3,-1.0,-1.0
2926143,2024-02-13 06:03:59.048,-3,-1.0,-3,-1.0,-1.0
2926144,2024-02-13 06:03:59.460,-3,-3.0,1639,0.0,-3.0
2926145,2024-02-13 06:03:59.980,-3,-1.0,-3,-1.0,-1.0
2926146,2024-02-13 06:04:01.300,-3,-3.0,1359,0.0,2.3794788273615635
2926147,2024-02-13 06:04:03.579,-3,-1.0,-3,-1.0,-1.0
2926148,2024-02-13 06:04:04.769,-3,-1.0,-3,-1.0,-1.0
2926149,2024-02-13 06:04:07.101,-3,-1.0,-3,-1.0,-1.0
2926150,2024-02-13 06:03:59.980,-3,-1.0,-3,-1.0,-1.0
2926151,2024-02-13 06:04:01.300,-3,-3.0,1359,0.0,2.3794788273615635
2926152,2024-02-13 06:03:59.460,-3,-3.0,1639,0.0,-3.0
2926153,2024-02-13 06:04:15.989,-3,-1.0,-3,-1.0,-1.0
2926154,2024-02-13 06:04:16.038,-3,-1.0,-3,-1.0,-1.0
2926155,2024-02-13 06:04:25.377,-3,505555560.0,309,505555560.0,-3.0
2926156,2024-02-13 06:04:29.153,-3,-3.0,1639,0.0,-3.0
2926157,2024-02-13 06:04:30.885,-3,-1.0,-3,-1.0,-1.0
2926158,2024-02-13 06:04:32.091,-3,-1.0,-3,-1.0,-1.0
2926159,2024-02-13 06:04:40.516,1,-3.0,-3,-1.0,-1.0
2926160,2024-02-13 06:04:29.153,-3,-3.0,1639,0.0,-3.0
2926161,2024-02-13 06:04:25.377,-3,505555560.0,309,505555560.0,-3.0
2926162,2024-02-13 06:04:42.708,-3,-1.0,-3,-1.0,-1.0
2926163,2024-02-13 06:04:43.111,-3,-1.0,-3,-1.0,-1.0
2926164,2024-02-13 06:04:45.183,-3,-1.0,-3,-1.0,-1.0
2926165,2024-02-13 06:04:53.623,-3,-1.0,-3,-1.0,-1.0
2926166,2024-02-13 06:04:54.827,-3,505555560.0,309,505555560.0,-3.0
2926167,2024-02-13 06:04:40.516,1,-3.0,-3,-1.0,-1.0
2926168,2024-02-13 06:04:56.113,-3,-1.0,-3,-1.0,-1.0
2926169,2024-02-13 06:04:56.569,-3,-1.0,-3,-1.0,-1.0
2926170,2024-02-13 06:04:54.827,-3,505555560.0,309,505555560.0,-3.0
2926171,2024-02-13 06:05:09.883,-3,-1.0,-3,-1.0,-1.0
2926173,2024-02-13 06:05:24.987,-3,-3.0,-3,-1.0,-1.0
2926174,2024-02-13 06:05:28.316,-3,-1.0,-3,-1.0,-1.0
2926176,2024-02-13 06:05:33.511,-3,-1.0,-3,-1.0,-1.0
2926177,2024-02-13 06:05:24.987,-3,-3.0,-3,-1.0,-1.0
2926178,2024-02-13 06:05:39.365,-3,-1.0,-3,-1.0,-1.0
2926179,2024-02-13 06:06:00.071,-3,-1.0,-3,-1.0,-1.0
2926180,2024-02-13 06:06:01.101,-3,-3.0,-3,-1.0,-1.0
2926181,2024-02-13 06:06:10.451,-3,-1.0,-3,-1.0,-1.0
2926182,2024-02-13 06:06:10.693,-3,-3.0,1359,0.0,2.3794788273615635
2926183,2024-02-13 06:06:01.101,-3,-3.0,-3,-1.0,-1.0
2926184,2024-02-13 06:06:15.119,2,1766563873.0,155,588854624.3333334,0.8282312925170068
2926185,2024-02-13 06:06:10.693,-3,-3.0,1359,0.0,2.3794788273615635
2926186,2024-02-13 06:06:15.119,2,1766563873.0,155,588854624.3333334,0.8282312925170068
2926187,2024-02-13 06:06:33.068,-3,-1.0,-3,-1.0,-1.0
2926188,2024-02-13 06:06:35.049,-3,-1.0,-3,-1.0,-1.0
2926189,2024-02-13 06:06:41.451,2,-3.0,-3,-1.0,-1.0
2926190,2024-02-13 06:06:49.205,-3,-1.0,-3,-1.0,-1.0
2926191,2024-02-13 06:06:41.451,2,-3.0,-3,-1.0,-1.0
2926192,2024-02-13 06:07:00.067,-3,-1.0,-3,-1.0,-1.0
2926193,2024-02-13 06:07:04.529,-3,1930703189.0,49,386140637.8,1.0755300353356891
2926194,2024-02-13 06:07:04.529,-3,1930703189.0,49,386140637.8,1.0755300353356891
2926195,2024-02-13 06:07:21.736,2,-3.0,-3,-1.0,-1.0
2926196,2024-02-13 06:07:21.736,2,-3.0,-3,-1.0,-1.0
2926197,2024-02-13 06:08:55.556,-3,-1.0,-3,-1.0,-1.0
2926198,2024-02-13 06:09:22.836,-3,-1.0,-3,-1.0,-1.0
2926199,2024-02-13 06:09:26.994,-3,217320883.0,729,108660441.5,0.6970419847328244
2926200,2024-02-13 06:09:31.020,-3,-1.0,-3,-1.0,-1.0
2926201,2024-02-13 06:09:26.994,-3,217320883.0,729,108660441.5,0.6970419847328244
2926202,2024-02-13 06:09:42.309,-3,-1.0,-3,-1.0,-1.0
2926203,2024-02-13 06:09:42.929,-3,-1.0,-3,-1.0,-1.0
2926204,2024-02-13 06:09:48.104,-3,-1.0,-3,-1.0,-1.0
2926205,2024-02-13 06:09:54.210,-3,217320883.0,729,108660441.5,0.6970419847328244
2926206,2024-02-13 06:09:54.306,-3,-1.0,-3,-1.0,-1.0
2926207,2024-02-13 06:09:55.661,-3,-1.0,-3,-1.0,-1.0
2926208,2024-02-13 06:09:57.024,-3,-1.0,-3,-1.0,-1.0
2926209,2024-02-13 06:10:00.403,-3,-1.0,-3,-1.0,-1.0
